Signal,Ratio,Status,Risk Score,20D %,50D %,100D %,Dist MA50 %
Small Cap Risk Appetite,IWM/SPY,Neutral,0,3.9230843504497903,1.8599063169632224,-0.2014248320641121,1.3392119674495717
Market Breadth,RSP/SPY,Neutral,0,3.5146368665873062,-4.127665830581595,-2.8256580839444156,0.2757577354999041
Credit Risk Appetite,HYG/IEF,Bullish,1,0.11891504002166098,2.061803692788744,1.1898617461264527,0.6351617490073291
Long Bonds vs Stocks,TLT/SPY,Neutral,0,0.674548628953997,-13.579739346563413,-9.464006299685511,-3.683467540986829
Gold vs Stocks,GLD/SPY,Bearish,1,-6.869289645371001,-19.701818098185587,-18.987004551338792,-9.615950051591737
Commodities vs Stocks,DBC/SPY,Bearish,0,-11.475788739278359,-16.475794286635637,7.505124460241963,-9.57139273637182
