Signal,Ratio,Status,Risk Score,20D %,50D %,100D %,Dist MA50 %
Small Cap Risk Appetite,IWM/SPY,Neutral,0,4.655234604396807,2.094622582996064,-0.24094716654423642,1.4779130438875798
Market Breadth,RSP/SPY,Neutral,0,3.0406635999889353,-3.870968872183511,-2.22579240774462,0.5845468259606745
Credit Risk Appetite,HYG/IEF,Neutral,0,-0.35415420109563556,1.2801565444743312,0.7712004288146224,0.2787215761596018
Long Bonds vs Stocks,TLT/SPY,Neutral,0,1.891928097198603,-12.022644932002912,-8.33493652307844,-2.307687887402221
Gold vs Stocks,GLD/SPY,Bearish,1,-6.528593063544674,-18.414369195673906,-19.4717208471921,-8.596583209147934
Commodities vs Stocks,DBC/SPY,Bearish,0,-12.808530729268275,-17.205781604636826,7.208610528248616,-9.993105047215822
