Signal,Ratio,Status,Risk Score,20D %,50D %,100D %,Dist MA50 %
Small Cap Risk Appetite,IWM/SPY,Bullish,1,6.165243144996402,2.9610834886759863,2.713119662834451,2.4609659673844098
Market Breadth,RSP/SPY,Neutral,0,3.0161563607032926,-3.5561596302323473,-1.6924586090728555,0.7216114909000204
Credit Risk Appetite,HYG/IEF,Neutral,0,-0.4706046865587399,1.5407738142267258,1.0194138456401713,0.27754236536321475
Long Bonds vs Stocks,TLT/SPY,Neutral,0,2.227178543596575,-11.666491772831844,-8.232744011572557,-1.713083701715401
Gold vs Stocks,GLD/SPY,Bearish,1,-4.762502969316696,-18.458403520355926,-19.84035867799182,-7.4127672818191215
Commodities vs Stocks,DBC/SPY,Bearish,0,-13.63308778892346,-16.485472372952604,5.769152839353708,-9.271020285000953
